	#pattern name	matched sequence	p-value	q-value	score	sequence name	start	stop	strand
0	MA0507.1	CTAATTTGCATGC	5.18e-06	6.209999999999999e-05	15.3793	wt	2	14	-
1	MA0784.1	AGCATGCAAATTAG	7.72e-06	6.18e-05	14.0862	wt	1	14	+
2	MA0785.1	AGCATGCAAATT	1.51e-05	0.000242	13.06	wt	1	12	+
3	MA0792.1	CATGCAAAT	2.41e-05	0.000676	12.3186	wt	3	11	+
4	MA0788.1	AGCATGCAAATTA	2.51e-05	0.000301	12.44	wt	1	13	+
5	MA0787.1	GCATGCAAATTA	3.29e-05	0.000527	12.0323	wt	2	13	+
6	MA0068.2	CGAATTAG	3.96e-05	0.00127	11.4179	mutG	7	14	+
7	MA0786.1	GCATGCAAATTA	5.13e-05	0.000821	11.5181	wt	2	13	+
8	MA0789.1	CATGCAAAT	7.92e-05	0.00222	10.8571	wt	3	11	+
9	MA0068.2	CTAATTCG	8.4e-05	0.00134	10.9851	mutG	7	14	-
